train_acc,train_loss,val_acc,val_loss
0.04061052631578947,4.2910075,0.06280000000000001,4.0156736
0.09574736842105264,3.8339865,0.1004,3.854717
